{
  "timeZone": "Asia/Taipei",
  "dependencies": {
  },
  "exceptionLogging": "STACKDRIVER",
  "oauthScopes": ["https://www.googleapis.com/auth/script.scriptapp", "https://www.googleapis.com/auth/spreadsheets", "https://www.googleapis.com/auth/gmail.send", "https://www.googleapis.com/auth/script.external_request", "https://www.googleapis.com/auth/script.container.ui", "https://www.googleapis.com/auth/script.storage", "https://www.googleapis.com/auth/documents", "https://www.googleapis.com/auth/drive"],
  "runtimeVersion": "V8"
}